{
  "lattice_constant": {
    "values": {
      "C": 3.570334493421054,
      "Si": 5.45496213099744,
      "Ge": 5.773174547081744,
      "Sn": 6.6121866154701285,
      "Al": 4.060388333707295,
      "Cu": 3.6255325030548553,
      "Fe": 2.8545324520087765,
      "Ni": 3.5101770953679647,
      "NaCl": 5.681628368567518,
      "MgO": 4.254462584786233,
      "LiF": 4.090693214890703,
      "Pb": 5.026905746796772
    },
    "check0": "PASS",
    "check1": "PASS",
    "check3": "PASS",
    "oracle_targets": [
      "Fe",
      "Sn",
      "Ge"
    ]
  },
  "cohesive_energy": {
    "values": {
      "C": 7.382814032009042,
      "Si": 4.054408390481114,
      "Ge": 3.4129930106169155,
      "Sn": 2.668555177565149,
      "Al": 3.034362792501333,
      "Cu": 3.156267379366513,
      "Fe": 4.499491828846216,
      "Ni": 4.214141381378965,
      "NaCl": 2.482802429505998,
      "MgO": 4.94105500758925,
      "LiF": 3.2281647483491347,
      "Pb": 2.400480283490751
    },
    "check0": "PASS",
    "check1": "PASS",
    "check3": "PASS"
  },
  "bulk_modulus": {
    "values": {
      "C": 1.7380700155365868e-20,
      "Si": 2.9041097274075932e-21,
      "Ge": 1.994278583661051e-21,
      "Sn": 1.7709722995440126e-21,
      "Al": 2.503563986052709e-21,
      "Cu": 5.607355377771682e-21,
      "Fe": 2.797117069724474e-21,
      "Ni": 8.246295978719033e-21,
      "NaCl": 9.905836145273838e-22,
      "MgO": 5.742275305061537e-21,
      "LiF": 2.2996152431989773e-21,
      "Pb": 1.6397230992436663e-21
    },
    "check0": "PASS",
    "check1": "PASS",
    "check3": "FAIL"
  }
}